ref,key,title,matched_title,url,provenance,filename,verified
1,artstein2008_agreement,Survey Article: Inter-Coder Agreement for Computational Linguistics,Survey Article: Inter-Coder Agreement for Computational Linguistics,https://aclanthology.org/J08-4004.pdf,bibliography,artstein2008_agreement.pdf,title-on-page-1
2,sukthanker2020_anaphora_review,Anaphora and coreference resolution: A review,Anaphora and coreference resolution: A review,https://arxiv.org/pdf/1805.11824,openalex,sukthanker2020_anaphora_review.pdf,title-on-page-1
4,devlin2019_bert,BERT: Pre-training of Deep Bidirectional Transformers for Language Understanding,BERT: Pre-training of Deep Bidirectional Transformers for Language Understanding,https://aclanthology.org/N19-1423.pdf,acl,devlin2019_bert.pdf,title-on-page-1
6,sen2022_bangla_nlp,"Bangla Natural Language Processing: A Comprehensive Analysis of Classical, Machine Learning, and Deep Learning Based Methods","Bangla Natural Language Processing: A Comprehensive Analysis of Classical, Machine Learning, and Deep Learning Based Methods",https://arxiv.org/pdf/2105.14875,bibliography,sen2022_bangla_nlp.pdf,title-on-page-1
10,hedderich2020_african,Transfer Learning and Distant Supervision for Multilingual Transformer Models: A Study on African Languages,Transfer Learning and Distant Supervision for Multilingual Transformer Models: A Study on African Languages,https://aclanthology.org/2020.emnlp-main.204.pdf,openalex,hedderich2020_african.pdf,title-on-page-1
13,deshpande2024_marathi_peft,Leveraging Parameter Efficient Training Methods for Low Resource Text Classification: A Case Study in Marathi,Leveraging Parameter Efficient Training Methods for Low Resource Text Classification: A Case Study in Marathi,https://arxiv.org/pdf/2408.03172,bibliography,deshpande2024_marathi_peft.pdf,title-on-page-1
15,conneau2020_xlmr,Unsupervised Cross-lingual Representation Learning at Scale,Unsupervised Cross-lingual Representation Learning at Scale,https://aclanthology.org/2020.acl-main.747.pdf,acl,conneau2020_xlmr.pdf,title-on-page-1
16,hedderich2021_lowresource_survey,A Survey on Recent Approaches for Natural Language Processing in Low-Resource Scenarios,A Survey on Recent Approaches for Natural Language Processing in Low-Resource Scenarios,https://aclanthology.org/2021.naacl-main.201.pdf,acl,hedderich2021_lowresource_survey.pdf,title-on-page-1
17,pradhan2012_conll,CoNLL-2012 Shared Task: Modeling Multilingual Unrestricted Coreference in OntoNotes,CoNLL-2012 Shared Task: Modeling Multilingual Unrestricted Coreference in OntoNotes,https://aclanthology.org/W12-4501.pdf,bibliography,pradhan2012_conll.pdf,title-on-page-1
18,soon2001_mention_pair,A Machine Learning Approach to Coreference Resolution of Noun Phrases,A Machine Learning Approach to Coreference Resolution of Noun Phrases,https://aclanthology.org/J01-4004.pdf,bibliography,soon2001_mention_pair.pdf,title-on-page-1
20,lee2013_deterministic,"Deterministic Coreference Resolution Based on Entity-Centric, Precision-Ranked Rules","Deterministic Coreference Resolution Based on Entity-Centric, Precision-Ranked Rules",https://aclanthology.org/J13-4004.pdf,bibliography,lee2013_deterministic.pdf,title-on-page-1
21,loaiciga2017_it,What is it? Disambiguating the different readings of the pronoun 'it',What is it? Disambiguating the different readings of the pronoun ‘it’,https://aclanthology.org/D17-1137.pdf,acl,loaiciga2017_it.pdf,title-on-page-1
22,ng2010_fifteen_years,Supervised Noun Phrase Coreference Research: The First Fifteen Years,Supervised Noun Phrase Coreference Research: The First Fifteen Years,https://aclanthology.org/P10-1142.pdf,bibliography,ng2010_fifteen_years.pdf,title-on-page-1
24,emami2019_knowref,The KnowRef Coreference Corpus: Removing Gender and Number Cues for Difficult Pronominal Anaphora Resolution,The KnowRef Coreference Corpus: Removing Gender and Number Cues for Difficult Pronominal Anaphora Resolution,https://aclanthology.org/P19-1386.pdf,acl,emami2019_knowref.pdf,title-on-page-1
26,pradhan2014_scoring,Scoring Coreference Partitions of Predicted Mentions: A Reference Implementation,Scoring Coreference Partitions of Predicted Mentions: A Reference Implementation,https://aclanthology.org/P14-2006.pdf,bibliography,pradhan2014_scoring.pdf,title-on-page-1
27,moosavi2016_lea,Which Coreference Evaluation Metric Do You Trust? A Proposal for a Link-based Entity Aware Metric,Which Coreference Evaluation Metric Do You Trust? A Proposal for a Link-based Entity Aware Metric,https://aclanthology.org/P16-1060.pdf,acl,moosavi2016_lea.pdf,title-on-page-1
29,vilain1995_muc,A Model-Theoretic Coreference Scoring Scheme,A Model-Theoretic Coreference Scoring Scheme,https://aclanthology.org/M95-1005.pdf,bibliography,vilain1995_muc.pdf,title-on-page-1
32,luo2005_ceaf,On Coreference Resolution Performance Metrics,On Coreference Resolution Performance Metrics,https://aclanthology.org/H05-1004.pdf,bibliography,luo2005_ceaf.pdf,title-on-page-1
34,dou2021_awesome_align,Word Alignment by Fine-tuning Embeddings on Parallel Corpora,Word Alignment by Fine-tuning Embeddings on Parallel Corpora,https://aclanthology.org/2021.eacl-main.181.pdf,openalex,dou2021_awesome_align.pdf,title-on-page-1
36,sennrich2016_backtranslation,Improving Neural Machine Translation Models with Monolingual Data,Improving Neural Machine Translation Models with Monolingual Data,https://aclanthology.org/P16-1009.pdf,openalex,sennrich2016_backtranslation.pdf,title-on-page-1
37,edunov2018_backtranslation_scale,Understanding Back-Translation at Scale,Understanding Back-Translation at Scale,https://aclanthology.org/D18-1045.pdf,openalex,edunov2018_backtranslation_scale.pdf,title-on-page-1
38,wei2019_eda,EDA: Easy Data Augmentation Techniques for Boosting Performance on Text Classification Tasks,EDA: Easy Data Augmentation Techniques for Boosting Performance on Text Classification Tasks,https://aclanthology.org/D19-1670.pdf,openalex,wei2019_eda.pdf,title-on-page-1
41,kirkpatrick2017_ewc,Overcoming catastrophic forgetting in neural networks,Overcoming catastrophic forgetting in neural networks,https://arxiv.org/pdf/1612.00796,openalex,kirkpatrick2017_ewc.pdf,title-on-page-1
42,yosinski2014_transferable,How transferable are features in deep neural networks?,How transferable are features in deep neural networks?,https://arxiv.org/pdf/1411.1792,bibliography,yosinski2014_transferable.pdf,title-on-page-1
43,pires2019_multilingual_bert,How Multilingual is Multilingual BERT?,How Multilingual is Multilingual BERT?,https://aclanthology.org/P19-1493.pdf,acl,pires2019_multilingual_bert.pdf,title-on-page-1
44,mosbach2021_stability,"On the Stability of Fine-tuning BERT: Misconceptions, Explanations, and Strong Baselines","On the Stability of Fine-tuning BERT: Misconceptions, Explanations, and Strong Baselines",https://arxiv.org/pdf/2006.04884,openalex,mosbach2021_stability.pdf,title-on-page-1
45,howard2018_ulmfit,Universal Language Model Fine-tuning for Text Classification,Universal Language Model Fine-tuning for Text Classification,https://aclanthology.org/P18-1031.pdf,bibliography,howard2018_ulmfit.pdf,title-on-page-1
46,hu2022_lora,LoRA: Low-Rank Adaptation of Large Language Models,LoRA: Low-Rank Adaptation of Large Language Models,https://arxiv.org/pdf/2106.09685,bibliography,hu2022_lora.pdf,title-on-page-1
47,dodge2020_finetuning,"Fine-Tuning Pretrained Language Models: Weight Initializations, Data Orders, and Early Stopping","Fine-Tuning Pretrained Language Models: Weight Initializations, Data Orders, and Early Stopping",https://arxiv.org/pdf/2002.06305,openalex,dodge2020_finetuning.pdf,title-on-page-1
48,bergkirkpatrick2012_significance,An Empirical Investigation of Statistical Significance in NLP,An Empirical Investigation of Statistical Significance in NLP,https://aclanthology.org/D12-1091.pdf,bibliography,bergkirkpatrick2012_significance.pdf,title-on-page-1
49,clark2020_electra,ELECTRA: Pre-training Text Encoders as Discriminators Rather Than Generators,ELECTRA: Pre-training Text Encoders as Discriminators Rather Than Generators,https://arxiv.org/pdf/2003.10555,openalex,clark2020_electra.pdf,title-on-page-1
50,chung2021_rembert,Rethinking Embedding Coupling in Pre-trained Language Models,Rethinking embedding coupling in pre-trained language models,https://arxiv.org/pdf/2010.12821,openalex,chung2021_rembert.pdf,title-on-page-1
51,gao2021_simcse,SimCSE: Simple Contrastive Learning of Sentence Embeddings,SimCSE: Simple Contrastive Learning of Sentence Embeddings,https://aclanthology.org/2021.emnlp-main.552.pdf,acl,gao2021_simcse.pdf,title-on-page-1
52,reimers2019_sbert,Sentence-BERT: Sentence Embeddings using Siamese BERT-Networks,Sentence-BERT: Sentence Embeddings using Siamese BERT-Networks,https://aclanthology.org/D19-1410.pdf,acl,reimers2019_sbert.pdf,title-on-page-1
53,ethayarajh2019_contextual,"How Contextual are Contextualized Word Representations? Comparing the Geometry of BERT, ELMo, and GPT-2 Embeddings","How Contextual are Contextualized Word Representations? Comparing the Geometry of BERT, ELMo, and GPT-2 Embeddings",https://aclanthology.org/D19-1006.pdf,acl,ethayarajh2019_contextual.pdf,title-on-page-1
54,su2021_whitening,Whitening Sentence Representations for Better Semantics and Faster Retrieval,Whitening Sentence Representations for Better Semantics and Faster Retrieval,https://arxiv.org/pdf/2103.15316,bibliography,su2021_whitening.pdf,title-on-page-1
56,zabokrtsky2022_corefud,CorefUD 1.0: Coreference Meets Universal Dependencies,CorefUD 1.0: Coreference Meets Universal Dependencies,https://aclanthology.org/2022.lrec-1.520.pdf,bibliography,zabokrtsky2022_corefud.pdf,title-on-page-1
57,straka2025_corpipe,CorPipe at CRAC 2025: Evaluating Multilingual Encoders for Multilingual Coreference Resolution,CorPipe at CRAC 2025: Evaluating Multilingual Encoders for Multilingual Coreference Resolution,https://aclanthology.org/2025.crac-1.11.pdf,openalex,straka2025_corpipe.pdf,title-on-page-1
58,prazak2024_corefud_strategies,Exploring Multiple Strategies to Improve Multilingual Coreference Resolution in CorefUD,Exploring Multiple Strategies to Improve Multilingual Coreference Resolution in CorefUD,https://arxiv.org/pdf/2408.16893,openalex,prazak2024_corefud_strategies.pdf,title-on-page-1
